univName,link,univRequirementDetail,univCourse,toefl,ielts,det,awardee
Boston University,https://iisma.kemdikbud.go.id/info/31-boston-university-metropolitan-college/,"Academic: GPA of 3 or above on their studies to dateEnglish Language: IELTS: 6.5 TOEFL iBT: 84 (minimum 21 for reading, 22 for writing, 18 for listening, 23 for speaking) Duolingo English Test: 110 ","['Entrepreneurial Management', 'Project Management', 'Negotiations and Organizational Conflict Resolution', 'The Innovation Process: Developing New Products and Services', 'American Institutions and Culture', 'Business Strategy: Policy, problems of business organizations', 'International Economics', 'Leadership in the Workplace', 'International Business Management', 'Operations Management', 'International Business Law and Regulation']",84,6.5,110,ApplicantsApplicants : 395 students GPA : 3.12-4.00TOEFL iBT Score : 88-106IELTS Score : 6.5-8.5Duolingo English Test Score : 0-155AwardeesAwardees : 20 students GPA : 3.39-3.96TOEFL iBT Score : IELTS Score : 8.5Duolingo English Test Score : 140-155 
Arizona State University,https://iisma.kemdikbud.go.id/info/56-arizona-state-university/,Academic: GPA of 3 or above on their studies to dateEnglish Language: IELTS: 6.5 TOEFL iBT: 79 Duolingo English Test: 115 ,"['Principles of Marketing for Global Organizations', 'Big Data in the Global Economy', 'Global Entrepreneurship', 'Regional Management Environment', 'Global Risk Assessment and Management ', 'Supply Chain Operations for Global Organization ', 'Principles of Global Management', 'International Trade Regional Economic Agreements ', 'Cross-Cultural Communication and Negotiation']",79,6.5,115,No awardee details
The University of Pennsylvania,https://iisma.kemdikbud.go.id/info/05-the-university-of-pennsylvania-college-of-liberal-and-professional-studies/,Academic: GPA of 3.3 or above on their studies to dateEnglish Language: IELTS: 7 (no band score less than 6.5) TOEFL iBT: 100 (no component less than 22) Duolingo English Test: 120 (no component less than 110) ,"['World Musics and Culture', 'Global Media', 'Intro to Asian American Studies', 'Applied Data Analysis', 'Intro to Micro Economics', 'Econometric Machine Learning Methods and Models', 'Data Science for Studying Language and the Mind', 'Language, Cognition and Culture', 'Ideas in Mathematics', 'Knowledge for Social Impact: Analyzing Current Issues and Approaches', 'Venture Capital and Entrepreneurial ', 'Ethics', 'Modern Political Thought', 'Intro to Experimental Psychology', 'Introduction to Sociology', 'Digital Democracy ', 'Narrative Across Cultures', 'Judgement and Decisions', 'Analytics and the Digital Economy']",100,7,120,ApplicantsApplicants : 309 studentsGPA : 3.03-4.00 TOEFL iBT Score : 107-114  IELTS Score : 6.5-8.5Duolingo English Test Score : 105-160<b>Awardees</b>Awardees : 20 students GPA : 3.47-4.00 TOEFL iBT Score :  IELTS Score : 8.5Duolingo English Test Score : 145-160 
Yale University,https://iisma.kemdikbud.go.id/info/06-yale-university/,Academic: GPA of 3.0 or above on their studies to dateEnglish Language: IELTS: 7.0 TOEFL iBT: 100 Duolingo English Test: 120  ,"['Topics in International Economics', 'World Cinema', 'Education and Empire', 'Film, Video, and American History', 'What is Law?', 'Energy, Environment, and Public Policy', 'Global Climate Change and the Carbon Cycle', 'International Human Rights and Politics', 'Introduction to American Politics', 'Global Health Ethnography', 'Investigative Journalism', 'Trust–and Mistrust', 'Medicine and the Humanities: Certainty and Unknowing', 'Multiracial Identities, Experiences, and Politics', 'Rethinking Civil Rights and Black Power', 'Race, Gender, and Class Inequities in the U.S.']",100,7.0,120 ,No awardee details
Penn State University,https://iisma.kemdikbud.go.id/info/29-penn-state-university/,English Language: IELTS: 6.5 TOEFL iBT: 80 Duolingo English Test: 120   ,"['Introductory Sociology', 'Race, Ethnicity and Culture', 'Introduction to Art', 'Anthropology, Ancestry, and You', 'Stars, Galaxies, and the Universe', 'Environmental Science', 'Introduction to Spreadsheets and Databases', 'General View of Mathematics', 'Classical Mythology', 'Gender, Diversity and the Media']",80,6.5,120  ,"ApplicantsApplicants : 80 students GPA : 3.09-3.96TOEFL iBT Score : 90-102IELTS Score : 6.5-7.5Duolingo English Test Score : 90-145<b>Awardees</b>Awardees : 10 students GPA : 3.56-3.94TOEFL iBT Score :  IELTS Score : Duolingo English Test Score : <span style=""color: var(--color); font-size: inherit; background-color: var(--palettecolor8); font-family: var(--fontFamily); font-style: var(--fontStyle, inherit); letter-spacing: var(--letterSpacing); text-transform: var(--textTransform); text-decoration: var(--textDecoration);"">140-145</span>"
"University of California, Davis",https://iisma.kemdikbud.go.id/info/30-university-of-california-davis/,Academic: GPA of 3 or above on their studies to dateEnglish Language: IELTS: 7 TOEFL iBT: 80 Duolingo English Test: 105 ,"['Introduction to Film Studies', 'Principles of Microeconomics', 'Principles of Macroeconomics', 'Introduction to Entrepreneurship', 'Introduction Forensic Science', 'Introduction to Food Preservation', 'Discovery and Concepts', 'Cognitive Neuroscience: The Biological Foundations of the Mind', 'Neuroeconomics/Reinforcement Learning & Decision Making', 'Sociology of Adolescence', 'Sociology of Culture', 'Design of Coffee', 'Introduction to Comparative Politics', 'General Psychology', 'Fundamentals of Organization Management', 'Introduction to Mass Communication', 'Presentation, Communication, Collaboration', 'Design and Analysis for Sensory Food Science', 'Managing and Using Information Technology', 'Supply Chain Planning & Management']",80,7,105,No awardee details
UC Chile,https://iisma.kemdikbud.go.id/info/35-uc-chile/,Academic: GPA of 3 or above on their studies to dateEnglish Language: IELTS: 6 TOEFL iBT: 75 Duolingo English Test: 95 ,"['Astronomy', 'Fintech: Financial Technology and Applications', 'Research, Innovation, and Entrepreneurship', 'Theories And Hard Questions About Public International Law', 'Advertising Law', 'International Investment Law And Policy', 'Environmental Criticism, Ecocriticism, or Green Cultural Studies?', 'Topics in Political Theory', 'Microeconomics', 'Environment and Economics of Natural Resources', 'Astrophysics Frontier', 'Competition and Market', 'Global Corporate Governance and Business Strategy', 'Spanish and English Contrasts', 'Language and the Brain', 'Indigenous Writings in the Americas', 'Language and Social Change', 'Survival Spanish for Beginners - A1', 'Spanish for Upper Beginners A2', 'Literary Theory II']",75,6,95,<b>Applicants</b>Applicants : 12 studentsGPA : 3.47-4.00TOEFL iBT Score : 56-94IELTS Score : 6-7.5Duolingo English Test  Score : 125-160 <b>Awardees</b>Awardees : 4 students GPA : 3.58-3.94TOEFL iBT Score : 94 IELTS Score : 6.5Duolingo English Test Score :  
Michigan State University,https://iisma.kemdikbud.go.id/info/45-michigan-state-university/,Academic: GPA of 3.0 or above on their studies to dateEnglish Language: IELTS: 6.5 (no sub-score below 6.0)  TOEFL iBT: 79 (no sub-score below 17) Duolingo English Test: 110 ,"['Issues in Food and Agriculture ', 'Introduction to Financial Literacy', 'The Individual, Couples and Families', 'Social Differentiation and Equality', 'Introduction to Cultural Anthropology', 'Understanding China', 'US History since 1876', 'Computer-Aided Design for Designers', 'Lifespan Human Development in the Family ', 'Ethnic Families in America', 'Personal Finance', 'Children, Youth and Family', 'Introduction to Microeconomics', 'Writing as Inquiry', 'Introduction to Criminal Justice', 'Navigating Another Culture ', 'Global Change', 'Criminology', 'Interpersonal Relationships in the Family ', 'Matrix Algebra with Computational Applications']",79,6.5,110,No awardee details
University of Colorado Boulder,https://iisma.kemdikbud.go.id/info/64-university-of-colorado-boulder/,Academic: GPA of 3.0 or above on their studies to date English Language: IELTS: 6.5 TOEFL iBT: 75 Duolingo English Test: 120 ,"['Modern Cosmology: Origin and Structure of the Universe', 'Computation in Society', 'Designing Interactions', 'Foundations in Public Health', 'Introduction to Nutrition', 'Critical Thinking', 'Ethics for Information Technology', 'Symbolic Logic', 'Introduction to Contemporary Media Cultures', 'Introduction to American Politics', 'Exploring Culture and Gender Through Film', 'Ancient Astronomies of the World', 'American Indians in Film', 'Group Interaction', 'Environmental Literature', 'Global Geographies: Societies, Places, Connections', 'History of Jazz', 'US Art Across Cultures']",75,6.5,120,No awardee details
University of British Columbia,https://iisma.kemdikbud.go.id/info/13-university-of-british-columbia/,Academic: GPA of 3 or above on their studies to dateEnglish Language: IELTS: 6.5 TOEFL iBT: 90 Duolingo English Test: 125 ,"['Foundations of Bioproducts and the Bioeconomy', 'Plants, Carbon, and Environment', 'Introduction to Conservation', 'Principles of Forest Science', 'Introduction to Wood Products and Global Trade', 'Conservation Decision-Making and Policy', 'Issues in Genomics and the Environment', 'Recreation and Tourism Planning', 'Greening the City', 'Urban Forests and Well-Being']",90,6.5,125,No awardee details
University of Waterloo,https://iisma.kemdikbud.go.id/info/42-university-of-waterloo/,Academic: GPA of 3 or above on their studies to dateEnglish Language: IELTS: 6.5 TOEFL iBT: 90 Duolingo English Test: 120 ,"['Plants and Civilization', 'Introductory Earth Sciences', 'World Cinema and Visual Culture', 'Introduction to Global Emerging Cities', 'Green Entrepreneurship', 'The Physics of How Things Work', 'Introduction to Microeconomics', 'Introductory Psychology', 'Introduction to Environmental Studies', 'Foundations:  Environment, Resources and Sustainability']",90,6.5,120,ApplicantsApplicants : 145 students GPA : 3.03-4.00TOEFL iBT Score : 88-96IELTS Score : 6.5-8.5Duolingo English Test Score : 70-155AwardeesAwardees : 15 studentsGPA : 3.11-3.96TOEFL iBT Score : IELTS Score : 8Duolingo English Test Score : 140-155
Western University,https://iisma.kemdikbud.go.id/info/46-western-university/,Academic: GPA of 3 or above on their studies to dateEnglish Language: IELTS: 6.5 TOEFL iBT: 83 Duolingo English Test: 115 ,"[' Data Science Concepts', 'Sounds, Sights & Bits', 'Computer Science Fundamentals 1', 'Social Networking: Theory & Practice', 'Roman\xa0Emperors: The Good, The Bad, and The\xa0Ugly', 'Economics of Sports', 'Climate Change', 'Philosophy and AI\tWill robots take all our jobs?', 'Race and the struggle for Freedom in America', ' Gender, Migration & Climate Change']",83,6.5,115,No awardee details
University of Chicago,https://iisma.kemdikbud.go.id/info/03-university-of-chicago/,Academic: GPA of 3.5 or above on their studies to dateEnglish Language: IELTS: 7 TOEFL iBT: 104 (no component less than 26) Duolingo English Test: not accepted ,['No course'],104,7,not,No awardee details
University of Texas at Austin,https://iisma.kemdikbud.go.id/info/21-university-of-texas-at-austin/,Academic: GPA of 3.0 or above on their studies to dateEnglish Language:  IELTS: 6.5  TOEFL iBT: 78  Duolingo English Test: not accepted ,['No course'],78 ,6.5 ,not,No awardee details
Osaka University,https://iisma.kemdikbud.go.id/info/18-osaka-university/,Academic: GPA of 3 or above on their studies to dateEnglish Language: IELTS: 6 TOEFL iBT: 80 Duolingo English Test: 110 ,"[' Japanese Literature, Modern and Contemporary', 'Approaches to Understanding Cultures', 'IISMA Special Research B', 'Introduction to Cross-cultural Understanding', 'Introduction to Intercultural Communication', 'Introduction to International Understanding', 'Media and Communications in Japan', 'Multivariate Statistical Science', 'Primatology in Japan', 'Science and Society', 'Sociology of Migration']",80,6,110,No awardee details
Singapore Management University,https://iisma.kemdikbud.go.id/info/74-singapore-management-university/,Academic: GPA of 3 or above on their studies to dateEnglish Language: IELTS: 7  TOEFL iBT: 93  Duolingo English Test: 125 ,"['Computing Technology for Finance  ', 'Computational Thinking ', 'Financial Accounting ', 'Design Thinking and Innovation ', 'International Business ', 'Managing in a VUCA Context ', 'Economics of Globalisation ', 'Economic Development in Asia ', 'Democracy ', 'Art History: Modern, Postmodern and Contemporary ']",93 ,7 ,125,No awardee details
Hanyang University (Seoul Campus),https://iisma.kemdikbud.go.id/info/44-hanyang-university-seoul-campus/,Academic: GPA of 3 or above on their studies to dateEnglish Language: IELTS: 6 TOEFL iBT: 78 Duolingo English Test: 100Never had TB/TBC infection ,"['Cultural and Ethnic Diversity In Korea', 'Asian Business and Marketing', 'Marketing Management', 'Management of Global Corporations', 'Contemporary Korean Studies', 'Consumer Behavior', 'Fluid Mechanics 2', 'Strategic Management', 'Theories of Media Effects', 'International Business', 'AI+X:Introduction to Data Science', 'Advertising & Promotion', 'Culture of Korea and Korean Wave', 'Service Operations Management', 'Innovation Strategy', 'C++ Programming', 'Business Ethics and Sustainability Management', 'Information Technology and Data Strategy', 'Introduction to Intelligent Robot Control', 'International Marketing']",78,6,100Never,ApplicantsApplicants : 925 students GPA : 3.00-4.00 TOEFL iBT Score : 80-120IELTS Score : 6-8Duolingo English Test Score : 65-160AwardeesAwardees : 50 students GPA : 3.31-4.0TOEFL iBT Score : 108 IELTS Score : 7.5-8Duolingo English Test Score : 125-145 
National Taiwan University of Science and Technology (Taiwan Tech),https://iisma.kemdikbud.go.id/info/71-national-taiwan-university-of-science-and-technology-taiwan-tech,Academic: GPA of 3 or above on their studies to dateEnglish Language: IELTS: 6 TOEFL iBT: 78 Duolingo English Test: 100 ,"['Mandarin Chinese Practical (Level 1)', 'Mandarin Chinese Practical (Level 2)', 'Mandarin Chinese Practical (Level 3)', 'Discussion on International Affairs in English', 'European Urban Culture and Economy', 'Business English Professional Presentation Bootcamp', 'Marketing Planning', 'Advanced English for the Workplace', 'Basic Oral Chinese ', 'News English', 'Advanced English for Presentations', 'Market Research', 'Introduction to Engineering and Engineering Ethics', 'Brand Management', 'Web Design']",78,6,100,ApplicantsApplicants : 183 studentsGPA : 3.16-4.00TOEFL iBT Score :  IELTS Score : 6-7 Duolingo English Test Score : 80-145AwardeesAwardees : 20 studentsGPA : 3.36-3.88 TOEFL iBT Score : IELTS Score : Duolingo English Test Score : 125-145
Korea University,https://iisma.kemdikbud.go.id/info/23-korea-university/,No requirement ,"['ENVIRONMENTAL SOCIOLOGY', 'CREATIVE DESIGN', 'PATTERN RECOGNITION', 'DATA LEARNING AND INTELLIGENCE', 'BEHAVIORAL NEUROSCIENCE OF EMOTION', 'SOCIAL NETWORK ANALYSIS', 'CEREAL SCIENCE']",No TOEFL iBT requirement,No IELTS requirement,No DET requirement,No awardee details
Universiti Malaya,https://iisma.kemdikbud.go.id/info/17-universiti-malaya/,Academic: GPA of 3 or above on their studies to dateEnglish Language: IELTS: 6 TOEFL iBT: 78 Duolingo English Test: 100 ,"['Health, Wellness and Fitness', 'Martial Arts In Dance', 'Islamic Economic System in Malaysia', 'Project Management and Analysis', 'Development Economics', 'E-Commerce', 'Welfare System', 'Ethnicity, Identity, and Political Minorities in Southeast Asia', 'Politics and Government in Southeast Asia', 'Foreign Policy Analysis', 'A Comparative Study of Indian and Malay Modern', 'Malay Folk Dance I', 'Organizational Behavior', 'Business Application Development', 'Gender, Society And Culture', 'Traditional Heritage of Southeast Asia', 'Performing Arts of Southeast Asia', 'Human Rights and International Politics', 'Sustainable Development', 'Art, Culture and Malay Society']",78,6,100,No awardee details
Universiti Kebangsaan Malaysia,https://iisma.kemdikbud.go.id/info/38-universiti-kebangsaan-malaysia/,Academic: GPA of 3 or above on their studies to dateEnglish Language: IELTS: 6 TOEFL iBT: 79 Duolingo English Test: 105 ,"['Malaysia in Narration', 'International Economics', 'Life Crafts', 'Oral Communication Strategies', 'Introduction To Psychology', 'Personality', 'Gaining Confidence Through Storytelling', 'Fundamentals of Entrepreneurship and Innovation', 'Biotechnology & Society', 'Introduction to Intercultural Communication', 'Environmental Law', 'Pelancongan Dan Produk Budaya (taught in Malay Language)', 'Academic Writing', 'Family Economics Planning', 'Philosophy and Current Issues']",79,6,105,No awardee details
Universiti Sains Malaysia,https://iisma.kemdikbud.go.id/info/40-universiti-sains-malaysia/,Academic: GPA of 3 or above on their studies to dateEnglish Language: IELTS: 6 TOEFL iBT: 79 Duolingo English Test: 100 ,"['Principles of Marketing', 'International Business', 'Business Communication', 'Economy, Entrepreneurship And Culture', 'Fundamentals Acting', 'Visual Communication', 'Western Philosophy And Modern Thought', 'Malaysian Studies', 'Business And Communication English', 'Communication And Presentation Skills', 'Bahasa Malaysia I', 'Introduction To Built Environment & Human Settlement']",79,6,100,No awardee details
Nanyang Technological University,https://iisma.kemdikbud.go.id/info/04-nanyang-technological-university/,Academic: GPA of 3.3 or above on their studies to dateEnglish Language: IELTS: 6 (writing band score no less than 6) TOEFL iBT: 90 Duolingo English Test: 125 ,"['Venturing into Entrepreneurship', 'Leadership in the 21st Century', 'Introduction to Computational Thinking', 'Introduction to Geography', 'E-Startups & Social Media Strategies', 'New Venture Financing', 'Cultural Intelligence: How to be an Explorer of the World', 'Marketing for the 21st Century', 'Management Decision Tools', 'Introduction to Literature', 'Natural Hazards and Society']",90,6,125,ApplicantsApplicants : 112 students GPA : 3.12-4.00TOEFL iBT Score : 100-109 IELTS Score : 6-8.5Duolingo English Test Score : 105-155AwardeesAwardees : 25 studentsGPA : 3.33-3.99TOEFL iBT Score : IELTS Score : 8-8.5 Duolingo English Test Score : 135-155
Keio University,https://iisma.kemdikbud.go.id/info/52-keio-university/,Academic: GPA of 3.0 or above on their studies to dateEnglish Language: IELTS: 6.0 TOEFL iBT: 78 Duolingo English Test: 100 ,"['MANAGEMENT OF EMERGING BUSINESSES', 'INTERNATIONAL FINANCE', 'REGION AND SOCIETY (ASIA-PACIFIC) ', 'ENVIRONMENT RISK SCIENCE', 'MUSIC AND THE BRAIN ', 'HAPTIC SCIENCE AND TECHNOLOGY', 'DESIGN OBSERVATION', 'NATIONAL SECURITY POLICY', 'MULTINATIONAL MANAGEMENT ', 'CHOICES AND FREEDOM', 'HISTORY OF MUSIC', 'GEOGRAPHY OF PLANNING PRACTICE', 'GOVERNANCE AND INSTITUTIONS(LOCAL GOVERNMENT) ', 'ASIA WORKSHOP', 'INTRODUCTION TO SECOND LANGUAGE LEARNING AND TEACHING', 'REGION AND CULTURE (ASIA-PACIFIC) ', 'ANALYTICAL FRAMEWORK FOR POLICY DESIGN ']",78,6.0,100,No awardee details
National Taiwan University,https://iisma.kemdikbud.go.id/info/18-national-taiwan-university/,Academic: GPA of 3 or above on their studies to dateEnglish Language: IELTS: 6.0 TOEFL iBT: 78 Duolingo English Test: 100 ,"['Modern English Poetry', 'History of Ancient Greek Literature', 'Exploring Taiwan: Natural Resources Conservation and Management ', 'Developments of Information and Communication Technologies', 'Biology in the movies ', 'Trends in Plant Science ', 'Exploring Taiwan: Agricultural and food biotechnology ', 'Computer Programming in Python ', 'Philosophy of Space and Time ', 'Edible Insects ', 'Ancient Greek and Introduction to the Sciences of the Antiquity', 'Exploring Taiwan: natural environment and resources ', 'Global Competence with Internationalization at Home ', 'General Biology (b)(1) ', 'Archiving Nature: Introduction to the Natural History Museums ', 'Introduction to Nutrition and Food ', 'Essentials of Global Health ', 'Western Philosophy of Religion ', 'Exploring Taiwan: Biomedical Development and Diseases ', 'International Companions for Learning']",78,6.0,100,ApplicantsApplicants : 240 studentsGPA : 3.04-4.00TOEFL iBT Score : 86-97 IELTS Score : 6.5-7.5Duolingo English Test Score : 85-150AwardeesAwardees : 20 students GPA : 3.28-3.98TOEFL iBT Score :  IELTS Score : 7.5Duolingo English Test Score : 135-150
Chulalongkorn University,https://iisma.kemdikbud.go.id/info/55-chulalongkorn-university/,Academic: GPA of 3 or above on their studies to dateEnglish Language: IELTS: 6.5 TOEFL iBT: 80 Duolingo English Test: 105 ,"['Human Anatomy and Physiology', 'Food and Drug Technology for Wellbeing', 'Smart City and Urban Development', 'Technology, Globalization, & Sustainable Development', 'Socioeconomic Transformation for Sustainability', 'IoT/Embedded Systems', 'Big Data Analytics', 'Digital Trust, Privacy & Security (Blockchain)', 'Intellectual Property and Data Security Management', 'Stakeholder Engagement for Innovators']",80,6.5,105,"ApplicantsApplicants : 182 students GPA : 3.05-4.00TOEFL iBT Score : 83-96IELTS Score : 6.5-7.5Duolingo English Test Score : 75-145AwardeesAwardees : 6GPA : 3.56-3.88TOEFL iBT Score : IELTS Score : Duolingo English Test Score : <span style=""color: var(--color); font-size: inherit; background-color: var(--palettecolor8); font-family: var(--fontFamily); font-style: var(--fontStyle, inherit); letter-spacing: var(--letterSpacing); text-transform: var(--textTransform); text-decoration: var(--textDecoration);"">135-145</span>"
Middle East Technical University,https://iisma.kemdikbud.go.id/info/73-middle-east-technical-university/,"Academic: GPA of 3 or above on their studies to dateEnglish Language: IELTS: 6,5 TOEFL iBT: 79 Duolingo English Test: 92 ","['ENGINEERING ECONOMY', 'SYSTEMS THINKING', 'BUSINESS COMMUNICATION I', 'BUSINESS COMMUNICATION II', 'CROSS CULTURAL STUDIES IN ORGANIZATIONS', 'EXPLORING ENVIRONMENTAL HISTORY', 'INTRODUCTION TO POLITICS I', 'LOCATING EUROPE IN A GLOBALISED WORLD', 'MARKETING AND CULTURE', 'TURKISH BUSINESS ENVIRONMENT', 'SOCIETY AND CULTURE IN EURASIA', 'ECONOMY, SOCIETY, AND CIVILIZATION I', 'TOPICS IN SOCIAL PSYCHOLOGY', 'HISTORY OF ECONOMIC THOUGHT', 'BUILDING RESILIENCE THROUGH ADAPTIVE LEADERSHIP', 'SOCIETY AND CULTURE', 'STATE AND SOCIETY IN TURKEY', 'LANGUAGE AND CULTURE', 'ADVANCED WRITING RESEARCH SKILLS', 'THE NEW ECONOMY OF INDUSTRY 4.0']",79,"6,5",92,"ApplicantsApplicants : 551 students GPA : 3.00-4.00TOEFL iBT Score : 94IELTS Score : 6-7.5Duolingo English Test Score : 0-140AwardeesAwardees : 10 students GPA : 3.44-3.93TOEFL iBT Score : IELTS Score : 7 Duolingo English Test Score : <span style=""color: var(--color); font-size: inherit; background-color: var(--palettecolor8); font-family: var(--fontFamily); font-style: var(--fontStyle, inherit); letter-spacing: var(--letterSpacing); text-transform: var(--textTransform); text-decoration: var(--textDecoration);"">135-140</span>"
The Australian National University,https://iisma.kemdikbud.go.id/info/09-the-australian-national-university/,"Academic: GPA of 3 or above on their studies to dateEnglish Language: IELTS: 6.5 (no band score less than 6) TOEFL iBT: 80 (minimum 20 for reading and writing, minimum 18 for listening and speaking) Duolingo English Test: not acceptedNever had TB/TBC infectionOn 11 April 2023, applicants are required to have a passport with at least one year validity ","[""Australia's Environment"", 'Pacific Worlds: Critical Inquiry in Oceania', 'Peacebuilding and Conflict Resolution', 'The Indigenous Economy', ""First Peoples' Experiences and Ways of Being: Resilience, Agency, Resurgence and Rights"", 'The Origins of Political Order in Asia', 'Natural Resource Conflicts in Asia and the Pacific', 'Australian Political History', 'International Relations in the Asia-Pacific', 'Reading Popular Culture: An Introduction to Cultural Studies', 'Contemporary Australian Indigenous Music Studies', 'Australian Political Institutions', 'Traditional Australian Indigenous Cultures, Societies and Environment', 'Global Citizen: Culture, Development and Inequality']",80,6.5,not,ApplicantsApplicants : 109 students GPA : 3.12-4.00TOEFL iBT Score : 96-108 IELTS Score : 6.5-8DET Score : 80-160AwardeesAwardees : 10 students GPA : 3.49-3.96TOEFL iBT Score :  IELTS Score :  Duolingo English Test Score : 140-150 
The University of Adelaide,https://iisma.kemdikbud.go.id/info/32-the-university-of-adelaide/,No requirement ,"['Climate Change', 'Cognitive Science: Minds, Brains & Computers', 'Health and Illness in Populations', 'Opportunity Assessment', 'Social Problems', 'Cities and Sustainability', 'Introduction to Global Politics ', 'Cyber-Politics: Politics & the Internet Revolution', 'Empowerment, Gender & Community Development', 'Sustaining work and business for a just society', 'International Business Operations', 'Entrepreneurial Foundations and Mindset', 'Introduction to Social Research', 'Information Risks, Threats & Controls', 'Using Big Data for Economic and Social Problems I', 'Introduction to Marketing', 'Managing Organisations and People', 'Asia and the World', 'Sound & Media', 'Psychology IB']",No TOEFL iBT requirement,No IELTS requirement,No DET requirement,ApplicantsApplicants : 56 students GPA : 3.09-4.00TOEFL iBT Score :0-114 IELTS Score : 6.5-8.5Duolingo English Test Score :  <b>Awardees</b>Awardees : 8 students GPA : 3.58-3.96 TOEFL iBT Score :  IELTS Score : 7.5-8.5Duolingo English Test Score :  
The University of Queensland,https://iisma.kemdikbud.go.id/info/14-the-university-of-queensland/,"Academic: GPA of 3.0 or above on their studies to dateEnglish Language:  IELTS: 6.5 TOEFL iBT: 87  Duolingo English Test: 100 Never had TB/TBC infectionOn 11 April 2023, applicants are required to have a passport with at least one year validity. ","['Communication Across Cultures: Theory and Practice', 'Media and Society', 'Design: Experience', 'Aboriginal & Torres Strait Islander Health', 'The Science of Everyday Thinking', 'The Psychology of Communication', 'Planet Earth: The Big Picture']",87 ,6.5,100 Never,ApplicantsApplicants : 30 studentsGPA : 3.05-4.00TOEFL iBT Score : IELTS Score : 6.5-8Duolingo English Test Score : 105-120<b>Awardees</b>Awardees : 10 studentsGPA : 3.32-3.94TOEFL iBT Score : IELTS Score : 7-8Duolingo English Test Score : 
University of Sydney,https://iisma.kemdikbud.go.id/info/11-university-of-sydney/,"Academic: GPA of 3 or above on their studies to dateEnglish Language: IELTS: 6.5 (no band score less than 6) TOEFL iBT: 85 (minimum 19 for listening, 17 for writing, 17 for speaking, 17 for reading) Duolingo English Test: 100 (no component less than 100)Never had TB/TBC infectionOn 11 April 2023, applicants are required to have a passport with at least one year validity. ","['Learning in Outdoor Education', 'Sport and Learning in Australian Culture', 'Introduction to Indigenous History', 'Cross-Cultural Management', 'Global America', 'Foundations of Data Science', 'Introductory Geography', 'Digital Work Environments', 'What is this Thing Called Science?', 'Diet and Nutrition for Health and Sport\t']",85,6.5,100,ApplicantsApplicants : 18 students GPA : 3.15-3.97TOEFL iBT Score : 87-102IELTS Score : 6.5-8.5Duolingo English Test Score : 100-120 <b>Awardees</b>Awardees : 7 students GPA : 3.60-3.97TOEFL iBT Score : 102IELTS Score : 7-8Duolingo English Test Score :  
University of Auckland,https://iisma.kemdikbud.go.id/info/25-university-of-auckland/,No requirement ,"['A Sustainable World', 'Child Development', 'Contemporary Topics in Educational Psychology', 'Current Issues in TESOL', 'Digital Communication and Practice', 'Media and Culture', 'New Zealand Social Policy and Social Justice ', 'Pacific Innovation and Sustainability ', 'Pedagogy - Beyond Skills and Methods', 'Sociology of Health, Illness and Medicine', 'TESOL Education in Context', 'Digital Communication Ethics ', 'Eco/media', 'Education and Social Justice', 'Educational Philosophy and Policy', 'Environmental Sociology ', 'Gifted Education', 'Hauora', 'Introducing TESOL Education', 'The Contemporary Pacific ']",No TOEFL iBT requirement,No IELTS requirement,No DET requirement,No awardee details
University of Melbourne,https://iisma.kemdikbud.go.id/info/10-university-of-melbourne/,"Academic: GPA of 3 or above on their studies to dateEnglish Language: IELTS: 6.5 (no band score less than 6) TOEFL iBT: 79 (minimum 13 for reading and listening, 21 for writing, 18 for speaking) Duolingo English Test: not acceptedNever had TB/TBC infectionOn 11 April 2023, applicants are required to have a passport with at least one year validity. ","['Media Industries & Technological Change', 'Entrepreneurship for Sustainability', 'AI, Ethics and the Law', 'Natural History', 'Principles of Marketing', 'Smart Transportation', 'Food for a Healthy Planet II', 'Street Art ', 'Urban Design for People and Places ', 'Our Planet, Our Health ', 'Global Cultures ', 'Thinking Tools for Wicked Problems ', 'Drugs that Shape Society ', 'Biology of Australian Flora & Fauna ', 'Inside the City of Diversity ', 'Going Places - Travelling Smarter ', 'Engineering Modelling and Design', 'Entrepreneurship Principles and Tools', 'Managing People at Work']",79,6.5,not,No awardee details
Monash University,https://iisma.kemdikbud.go.id/info/15-monash-university/,"Academic: GPA of 3.0 of above on their studies to dateEnglish Language:  IELTS: 6.5 TOEFL iBT: 79 Duolingo English Test: 125Never had TB/TBC infectionOn 11 April 2023, applicants are required to have a passport with at least one year validity. ","['Spatial Communication in Engineering', 'Economics for Entrepreneurs', 'Business in Asia', 'Healthcare Systems', 'Science Communication to Influence Change']",79,6.5,125Never,ApplicantsApplicants : 60 studentsGPA : 3.06-4.00TOEFL Score : 79-114IELTS Score : 6.5-8Duolingo English Test Score : 100-130 AwardeesAwardees : 10 studentsGPA : 3.34-3.89TOEFL iBT Score : 114IELTS Score : 7.5-8Duolingo English Test Score :  
The University of Western Australia,https://iisma.kemdikbud.go.id/info/27-the-university-of-western-australia/,Academic: GPA of 3 or above on their studies to dateEnglish Language: IELTS: 6.5 TOEFL iBT: 82 Duolingo English Test: not accepted ,"['Asia from Colonial to Modern', 'Boodjar Moort Katitjin: Introduction to Indigenous Heritage and Knowledge', 'Disasters!', 'Professional and Academic Communications', 'Understanding Global Politics', 'Drugs that Changed the World', 'Environmental History', 'Global Literatures', 'Human Rights in Global Perspective', 'Crime and Society']",82,6.5,not,No awardee details
University of Otago,https://iisma.kemdikbud.go.id/info/51-university-of-otago/,Academic: GPA of 3 or above on their studies to dateEnglish Language: IELTS: 6 TOEFL iBT: 80 Duolingo English Test:    ,"['Computer and Information Science', 'Politics', 'Biochemistry', 'Cell and Molecular Biology', 'Maori Studies', 'Ecology', 'Earth and Ocean Science', 'Marine Science', 'Management', 'Tourism', 'Anthropology']",80,6,No DET requirement,No awardee details
Victoria University of Wellington,https://iisma.kemdikbud.go.id/info/62-victoria-university-of-wellington/,Academic: GPA of 3 or above on their studies to dateEnglish Language: IELTS: 6 no band score less than 5.5 TOEFL iBT: 80  Duolingo English Test: 110  ,"['Introduction to Artificial Intelligence', 'Māori Society and Culture', 'The Pacific Heritage', 'Media in Aotearoa New Zealand', 'Design Ethnography 1', 'Game Design I', 'Cultural Encounters: The Literature of Aotearoa New Zealand', 'Antarctica: Unfreezing the Continent', 'Islands and Peoples: Aotearoa New Zealand in World History', 'Power, Influence and International Security']",80 ,6,110 ,No awardee details
University of New South Wales,https://iisma.kemdikbud.go.id/info/12-university-of-new-south-wales/,"Academic: GPA of 3 or above on their studies to dateEnglish Language: IELTS: 6.5 TOEFL iBT: 90 Duolingo English Test: not acceptedNever had TB/TBC infectionOn 11 April 2023, applicants are required to have a passport with at least one year validity. ","['Programming Fundamentals', 'The Art of Computing', 'Civil and Environmental Engineering Practice', 'Art and Design for Environmental Challenges', 'Sustainable Food Product Manufacturing', 'Molecules, Cells, and Genes', 'Business Decision Making', 'Psychology of Work', 'Educational Psychology', 'Financial Management']",90,6.5,not,No awardee details
University of Canterbury,https://iisma.kemdikbud.go.id/info/66-university-of-canterbury/,Academic: GPA of 3 or above on their studies to dateEnglish Language: IELTS: 6 TOEFL iBT: 80 Duolingo English Test: Not Accepted ,"['Business and Culture', 'Working and Leading in International Teams', 'Enterprise in Practice', 'Innovation Management', 'Hospitality Marketing and Management', 'Sustainable Tourism Enterprises and Destinations', 'Business Systems Analysis', 'Data Management', 'Web Design and Development', 'Digital Marketing', 'Remote sensing for geospatial analysis', 'Environmental Psychology', 'Cyberspace, Cyborgs, and the Meaning of Life', 'Global Environmental Change', 'Environmental Earth System Science', 'Science, Maori and Indigenous Knowledge', 'Science, Society and Me', 'Places for Wellbeing and Flourishing', 'Freshwater Resources', 'Environmental Hazards and Disasters']",80 Duolingo,6,Not,No awardee details
Vrije Universiteit Amsterdam,https://iisma.kemdikbud.go.id/info/54-vrije-universiteit-amsterdam/,Academic: GPA of 3 or above on their studies to dateEnglish Language: IELTS: 6.5 TOEFL iBT: 92 Duolingo English Test: not accepted ,"['Development and Global Challenges', 'Law and Global Society', 'Managing Digital Innovation', 'Peace and Conflict Studies', 'Psychology and the Brain', 'Risk Management for Financial Institutions', 'Technology, Law and Ethics', 'Brain and Mind', 'Business Administration', 'Digital Humanities and Social Analytics', 'European Urban and Cultural History', 'Gender and Diversity']",92,6.5,not,No awardee details
Leiden University,https://iisma.kemdikbud.go.id/info/73-leiden-university/,Academic: GPA of 3 or above on their studies to dateEnglish Language: IELTS: 6.5 TOEFL iBT: 90 Duolingo English Test: not accepted ,"['Dutch Painting 1400-1950: Introduction to the Art History of the Netherlands, Cultuurwetenschap I', 'Culture and Society of the Netherlands: An Inside View', 'Histories of Modern South and Southeast Asia', 'Introduction to International Studies (in the Hague)', 'Natural Computing', 'Introduction to International Organisations', 'Economics for Political Scientists', 'Public International Law (bachelor)', 'Law and Governance in Africa', 'Trade and Finance in the Global Economy', 'Introduction to Psychology', 'Cross-cultural Psychology of Health and Illness', 'Introduction to Public Administration (in the Hague)', 'International Regulation (in the Hague)', 'International Administration (Minor/Exchange) (in the Hague)', 'European Union Politics and Policy (minor PA) (in the Hague)', 'Entrepreneurship and Innovation']",90,6.5,not,ApplicantsApplicants : 81 students GPA : 3.07-3.98TOEFL iBT Score : 90-115 IELTS Score : 6-8.5Duolingo English Test Score : 100-135AwardeesAwardees : 4 students GPA : 3.67-3.97TOEFL iBT Score :  IELTS Score : 8-8.5Duolingo English Test Score :  
University of Twente,https://iisma.kemdikbud.go.id/info/49-university-of-twente/,Academic: GPA of 3 or above on their studies to dateEnglish Language: IELTS: 6 TOEFL iBT: 80 Duolingo English Test: not accepted ,"['Introduction to Geographic Information Systems', 'Introduction to Earth Observation', 'Cybersecurity & Cybercrime', 'Innovations in Sustainable Chain Management', 'Aerospace Management & Operations', 'Innovation & Entrepreneurship', 'Philosophy of Science and Technology', 'Science to Society: From Idea to Prototype', 'Governance of Innovation and Socio-Technical Change', 'New Technology Business Development', 'Smart Solutions for Sustainable Cities', 'Science to Society: From Prototype to Society', 'Circular Economy Transition']",80,6,not,No awardee details
Maastricht University,https://iisma.kemdikbud.go.id/info/59-maastricht-university/,Academic: GPA of 3 or above on their studies to dateEnglish Language: IELTS: 6.5 TOEFL iBT: 90 Duolingo English Test: 105 ,"['Maastricht Science Program', 'Artificial Intelligence', 'Data Science', 'Sustainability Minor', 'European Public Health', 'Entrepreneurship Minor', 'Liberal Arts and Sciences']",90,6.5,105,"ApplicantsApplicants : 393 students GPA : 3.04-4.00TOEFL iBT Score : 64-115IELTS Score : 6.5-8Duolingo English Test Score : 70-150AwardeesAwardees : 20 students GPA : 3.25-3.95TOEFL iBT Score : IELTS Score : 8Duolingo English Test Score : <span style=""color: var(--color); font-size: inherit; background-color: var(--palettecolor8); font-family: var(--fontFamily); font-style: var(--fontStyle, inherit); letter-spacing: var(--letterSpacing); text-transform: var(--textTransform); text-decoration: var(--textDecoration);"">140-150</span>"
KU Leuven,https://iisma.kemdikbud.go.id/info/20-ku-leuven/,English Language: IELTS: 6.5 TOEFL iBT: 92 Duolingo English Test: not accepted  ,"['Engineering and Economics', 'The Low Countries at the Crossroads of European History', 'International Relations and European Integration since World War II', 'Institutions and Policy of the EU ', 'Art in Europe: a History of Emotions', 'East-West Perspectives in Philosophy', 'Philosophy of Technology ', 'Historical Introduction to Philosophy', 'Introduction to the Study of Theology']",92,6.5,not,ApplicantsApplicants : 23 students GPA : 3.04-3.98TOEFL iBT Score : 100-111IELTS Score : 6.5-8.5Duolingo English Test Score : 75-140AwardeesAwardees : 10 students GPA : 3.36-3.98TOEFL iBT Score : 103IELTS Score : 7.5-8.5Duolingo English Test Score :  
University of Tartu,https://iisma.kemdikbud.go.id/info/69-university-of-tartu/,Academic: GPA of 3 or above on their studies to dateEnglish Language: IELTS: 5.5 TOEFL iBT: 75 Duolingo English Test: 100  ,"['Introduction to the European Union ', 'The essentials of biopolitics ', 'E-Governance ', 'Encounters with Estonian Culture', 'Cultural and Religious Roots of the Middle East', 'Comparative Ethnopolitics', 'Illiberal turn in Europe and Russia ', 'History of the Baltic Sea Region']",75,5.5,100 ,ApplicantsApplicants : 190 students GPA : 3.04-3.99TOEFL iBT Score : IELTS Score : 5.5-8Duolingo English Test Score : 95-150AwardeesAwardees : 6 students GPA : 3.61-3.98TOEFL iBT Score : IELTS Score : Duolingo English Test Score : 135-145
University of Szeged,https://iisma.kemdikbud.go.id/info/75-university-of-szeged,Academic: GPA of 3 or above on their studies to dateEnglish Language: IELTS: 5 TOEFL iBT: 74 Duolingo English Test: 95 ,"['Elements of Marketing', 'Logistics', 'Personality and Communication Group Training Practice', 'Living Abroad, Reflecting the Intercultural Experiences\t', 'Health promotion, life-style\t', 'Farm Business Management', 'Agricultural Economy', 'Tendencies in European Political Philosophy ', 'Contemporary Issues of Public Administration: Globalisation ', 'General and Personality Psychology, Lecture', 'International Touristic Geography', 'Biotechnology', 'Pharmaceutical Care', 'Plant Protection', 'Business Communication\t', 'Knowing of musical works, visiting concerts, operas', 'Introduction to Literature and Culture I', 'Introduction to Linguistics', 'Quality Control ', 'Hungarian Folklore and Music']",74,5,95,"ApplicantsApplicants : 641 students GPA : 3.08-4.0TOEFL iBT Score : 35-92IELTS Score : 6-8Duolingo English Test Score : 0-150AwardeesAwardees : 46 students GPA : 3.08-4.0TOEFL iBT Score :  IELTS Score : 7.5Duolingo English Test Score : <span style=""color: var(--color); font-size: inherit; background-color: var(--palettecolor8); font-family: var(--fontFamily); font-style: var(--fontStyle, inherit); letter-spacing: var(--letterSpacing); text-transform: var(--textTransform); text-decoration: var(--textDecoration);"">125-150</span>"
University of Pisa,https://iisma.kemdikbud.go.id/info/72-university-of-pisa/,Academic: GPA of 3 or above on their studies to dateEnglish Language: IELTS: 5.5 TOEFL iBT: 46 Duolingo English Test: 90 ,"['ITALIAN LANGUAGE AND CULTURE', 'ITALIAN CINEMA', 'Classical Civilizazions', 'Italian Literature I', 'Introduction to Aesthetics', 'Medieval Art', 'Business and Commercial Law', 'EUROPEAN MACROECONOMICS', 'FINANCIAL ACCOUNTING', 'MANAGEMENT AND FUNDAMENTALS OF ACCOUNTING', 'INTRODUCTION TO MEDIEVAL HISTORY', 'FUNDAMENTALS OF DATA MINING AND MACHINE LEARNING', 'Information Technologies for Industries 4.0', 'Sustainability and Circular Economy', 'Introduction to Modern History', 'Egyptian Archaeology']",46,5.5,90,No awardee details
Humboldt-Universität zu Berlin,https://iisma.kemdikbud.go.id/info/37-humboldt-universitat-zu-berlin/,Academic: GPA of 3.0 or above on their studies to dateEnglish Language: IELTS: 6.5 TOEFL iBT: 90 Duolingo English Test: 105 ,"['Exploring Berlin Museums - Focus on Memory and Migration', 'Conceptualizing German Identity: From Colonial towards Post-Colonial Diversity', 'Asia in Berlin', 'Be your own Berlin! Urban performance in tourism', 'Exhibitions and exhibits: Perspectives on Curating', 'Artists from Abroad in Berlin: A Journalistic Exploration', 'Female German Authors in Context', 'Introduction to International Economic Law: The globalization of law', 'Being Watched: History and Contemporary Culture of Surveillance', 'The Federal Capital Berlin: Centre Stage of German Politics', 'German language course A1 (beginner)']",90,6.5,105,"ApplicantsApplicants : 149 studentsGPA : 3.04-4.0TOEFL iBT Score : 107 IELTS Score : 6-8.5Duolingo English Test Score : 80-155AwardeesAwardees : 25 students GPA : 3.72-4.0TOEFL iBT Score :  IELTS Score : 8-8.5Duolingo English Test Score : <span style=""color: var(--color); font-size: inherit; background-color: var(--palettecolor8); font-family: var(--fontFamily); font-style: var(--fontStyle, inherit); letter-spacing: var(--letterSpacing); text-transform: var(--textTransform); text-decoration: var(--textDecoration);"">120-145</span>"
University of Zagreb,https://iisma.kemdikbud.go.id/info/77-university-of-zagreb/,Academic: GPA of 3 or above on their studies to dateEnglish Language: IELTS: 6.0 TOEFL iBT: 78 Duolingo English Test: 100 ,"['Corporate Risk Management', 'Strategic Human Resource Management', 'The Politics of Human Rights', 'Project Management', 'Global Ecology ', 'Regional Marketing', 'Explaining Social Behavior', 'Business Informatics', 'Cross-Cultural Management', 'Business Communication', 'Interest Groups and Lobbying in the European Union', 'How Language Works: Introduction into Pragmatics', 'Limnology and Oceanology', 'Sociology of work and professional ethics', 'Bioethics and Human Rights', 'Development of European Integration and Institutions']",78,6.0,100,No awardee details
University of Warsaw,https://iisma.kemdikbud.go.id/info/68-university-of-warsaw/,"Academic: GPA of 3 or above on their studies to dateEnglish Language: IELTS: 5,5 TOEFL iBT: 75 Duolingo English Test: 90 ","['International Migration', 'Doing business Europe-Asia: Legal, Political and Economic Perspectives', 'Academic Writing and Research Skills in International Relations and Politics', 'Asymmetric Threats', 'Introduction to Europe through Poland: Language, Culture, and History ', 'European Union and Polish Diplomacy in Asia: theory and practice', 'Introduction to World Politics ', 'History of European Integration', 'International Political Economy', 'US National Security', 'Security System in the Asia-Pacific Region']",75,"5,5",90,No awardee details
Palacký University Olomouc,https://iisma.kemdikbud.go.id/info/76-palacky-university-olomouc/,Academic: GPA of 3 or above on their studies to dateEnglish Language: IELTS: 5 TOEFL iBT: 60 Duolingo English Test: 90 ,"['Media, Culture and Society', 'Cross-Cultural Experience', 'Developing Soft Skills Through Applied Psychology', 'Historical Olomouc', 'History of the Future', 'School of Law: Contemporary European and International Law', 'Introduction to Educational and School Psychology', 'Survey of Czech Music', 'Czech Language for Indonesian Students', 'Central European Culture and Society']",60,5,90,ApplicantsApplicants : 333 students GPA : 3.02-4.00TOEFL iBT Score : 56 IELTS Score : 6-8 Duolingo English Test Score : 85-145<b>Awardees</b>Awardees : 20 students GPA : 3.02-3.99TOEFL iBT Score :  IELTS Score : Duolingo English Test Score : 110-135
Grenoble Ecole de Management,https://iisma.kemdikbud.go.id/info/41-grenoble-ecole-de-management/,Academic: GPA of 3 or above on their studies to dateEnglish Language: IELTS: 6 TOEFL iBT: 79 Duolingo English Test: 100 ,"['Social Responsibility in International Business', 'French Language', 'French Business and Culture', 'International Perspectives in Marketing', 'Innovation Management', 'Geopolitics', 'Global Strategy', 'International Perspectives in Marketing']",79,6,100,No awardee details
M.V.Lomonosov Moscow State University,https://iisma.kemdikbud.go.id/info/24-m-v-lomonosov-moscow-state-university/,No requirement ,"['Corporate Finance', 'Customer-Centered Innovations with Design Thinking and Lean User Research', 'Economic History', 'Economics and Environmental Management', 'Financial markets', 'Labour Economics', 'Management', 'Marketing Principles and Decisions', 'Russia and WTO', 'Technical Analysis', 'Free Economic Zones and Offshore Territories', 'International Economics', 'International Financial Reporting Standards', 'International Tax Planning', 'Introduction to Data Science with R for economists', 'Introductory microeconomics', 'Islamic Finance', 'Natural Capital and Resource Economics', 'Networks and relationships in the experience economy', 'Organizational Behaviour']",No TOEFL iBT requirement,No IELTS requirement,No DET requirement,No awardee details
Radboud University,https://iisma.kemdikbud.go.id/info/57-radboud-university/,Academic: GPA of 3.0 or above on their studies to dateEnglish Language: IELTS: 6.5 TOEFL iBT: 90  Duolingo English Test: not accepted ,"['Global Health & Infectious Diseases ', 'Pediatric Infectious Diseases and Immunity ', 'Infectious Disease Epidemiology and Prevention ', 'Societal impact of Artificial Intelligence ', 'Module Global Justice and Human Rights ', 'Module Ecology and Sustainability  ', 'Medical biotechnology towards clinical practice', ' History of Biology', 'Biology and Society', 'Course Globalising Worlds / Human Geography', 'Course Borders and Identities in Europa / Human Geography', 'Course Space and Environment in the European Union / Environment and Society Studies ', 'Intercultural Communication/Communication and Information Studies', 'Extra module Radboud honours academy', 'Psychology and Media Content', 'Module Religious Contacts and Conflicts ']",90 ,6.5,not,ApplicantsApplicants : 65 students GPA : 3.11-4.00TOEFL iBT Score : 0-111IELTS Score : 5-8.5Duolingo English Test Score : 110-125 <b>Awardees</b>Awardees : 15GPA : 3.11-4.00TOEFL iBT Score : 94IELTS Score : 7-8Duolingo English Test Score :  
Vytautas Magnus University,https://iisma.kemdikbud.go.id/info/78-vytautas-magnus-university/,Academic: GPA of 3 or above on their studies to dateEnglish Language: IELTS: 6 TOEFL iBT: 87 Duolingo English Test: 89 ,"['GRAPHICS AND VISUALIZATION', 'Creative and Feature Writing ', 'Lithuanian History', 'Lithuanian Folklore, Traditions, Mythology', 'Cultural Diversity and Intercultural Communication', 'Managerial Decision Making', 'Media Studies', 'Leadership', 'Ecological forestry', 'Introduction to Sociolinguistics ', 'Social Change', 'Social Inequality and Exclusion', 'General ecology', 'POSITIVE PSYCHOLOGY', 'Media and Popular Culture  ', 'POLITICAL SYSTEMS']",87,6,89,No awardee details
Sciences Po,https://iisma.kemdikbud.go.id/info/lolos-67-sciences-po/,Academic: GPA of 3.0 or above on their studies to dateEnglish Language: IELTS: 6.5 TOEFL iBT: 100 Duolingo English Test: 135 ,"['TRADE AND INTERNATIONAL FINANCE', 'MICROECONOMICS: INFORMATION, DESIGN AND INSTITUTIONS', 'MAJOR FIELDS OF INVESTIGATION IN SOCIOLOGY', 'LITERATURE AND THE LAW : READING AND WRITING ABOUT RIGHTS IN WESTERN CULTURE', 'WOMEN IN MOVEMENT: HISTORY OF FEMINISMS FROM THE LATE 19TH CENTURY TO THIS DAY', 'INTRODUCTION TO CLIMATE DIPLOMACY', 'GOVERNING BORDERS IN THE 21ST CENTURY', 'AGRICULTURE, FOOD AND GLOBALIZATION', 'BEHAVIORAL GAME THEORY', 'COMPARATIVE POLITICS']",100 Duolingo,6.5,135,No awardee details
Universitat Pompeu Fabra,https://iisma.kemdikbud.go.id/info/60-universitat-pompeu-fabra/,Academic: GPA of 3 or above on their studies to dateEnglish Language: IELTS: 5.5 TOEFL iBT: 80 Duolingo English Test: 115 ,"['Cinematic Creativity in Spain: Authorship, Industry, Politics ', 'Global Culture and Marketing of FC Barcelona ', 'Great Ideas that Have Shaped our World: From the Axial Age to the Robot Revolution ', 'The Arab World Today: Tradition and Diversity ', 'Analytics for Social Good  ', 'Art and Gender in Contemporary Spain', 'Circular Economy', 'Five Challenges for the Future of Sport Global Governance ', 'Globalized World, Globalized Problems? Creative Proposals From Public Service Television Worldwide ', 'Ethics in a Globalization and Sustainability Context ', 'Globalization, Human Development and Sustainability: Politics and Policies in the Framework of the 2030 Agenda', 'Innovation and the Law. How Technology Changes the Legal System ', 'The Collectivity Revolution: Building a Global Community', 'Barcelona the City and its History ', 'Anthropocene: How People Are Transforming the Planet ', 'Artificial Intelligence, Creativity, and the Arts ', 'Collective Intelligent Solutions to the New Global Challenges ', 'Gender, Sexuality and Diversity: Past and Present ', 'Mind, Brains and Machines']",80,5.5,115,No awardee details
Sapienza University of Rome,https://iisma.kemdikbud.go.id/info/47-sapienza-university-of-rome/,Academic: GPA of 3 or above on their studies to dateEnglish Language: IELTS: 6 TOEFL iBT: 90 Duolingo English Test: 110 ,"['Global Humanities: Critical Theories and Transnational Cultures', 'Performing Arts Between Arts and Politics', 'Roman History', 'Gender Economics', 'Artificial Intellingece, Family Law, Environmental Law', 'Emerging Africa in The Framework of The Sustainable Development Goals', 'Contemporary History', 'Anthropology']",90,6,110,ApplicantsApplicants : 157 students GPA : 3.06-4.00TOEFL iBT Score : 94-113IELTS Score : 6-8.5Duolingo English Test Score : 100-155<b>Awardees</b>Awardees : 45 students GPA : 3.40-3.96TOEFL iBT Score : 111IELTS Score : 7.5-8Duolingo English Test Score : 130-155 
University of Padua,https://iisma.kemdikbud.go.id/info/63-university-of-padua/,No requirement ,"['ITALIAN LITERATURE IN THE MIDDLE AGES', 'MAKING ART IN MEDIEVAL ITALY', 'ARTIFICIAL INTELLIGENCE', 'PSYCHOLOGY OF INDIVIDUAL DIFFERENCES', 'PSYCHOLOGY OF LEARNING: FROM INDIVIDUALS TO CULTURES', 'EUROPEAN BANKING LAW', 'HISTORY OF INTERNATIONAL RELATIONS ', 'ITALIAN LANGUAGE THROUGH HISTORY AND ACROSS THE WORLD', 'ANIMAL PSYCHOLOGY ', 'GENERAL PSYCHOLOGY ', 'PSYCHOLOGY OF LANGUAGE', 'DEVELOPMENTAL PSYCHOLOGY ACROSS CULTURES', 'CYBERSECURITY: PRINCIPLES AND PRACTICES', 'FOUNDATIONS OF COMPUTER SCIENCE', 'DATA ACCESS AND WEB ', 'HISTORY OF INTERNATIONAL RELATIONS', 'COGNITION AND SENSORY PERCEPTION', 'ENGLISH IN INTERCULTURAL SETTINGS', 'PSYCHOLOGY OF HEALTH AND STRESS']",No TOEFL iBT requirement,No IELTS requirement,No DET requirement,No awardee details
Universidad Autónoma de Madrid,https://iisma.kemdikbud.go.id/info/53-universidad-autonoma-de-madrid/,Academic: GPA of 3 or above on their studies to dateEnglish Language: IELTS: 6 TOEFL iBT: 78 Duolingo English Test: not accepted ,"[' International Management', ' Emerging Human Rights: New Issues and Contemporary Solutions', ' Political Actors and Collective Action', ' Political Analysis and Theories of Democracy', ' International Marketing', ' The Enlightenment in English and American Literature', ' From the Middle Ages to the Renaissance in English Literature', ' International Finance', ' Intercultural Pragmatics', ' Information and Communication Technologies', ' International Economics', ' Multicultural literature', ' Foreign Trade Techniques', ' Introduction to International Politics: Actors and Themes', ' The First Globalization, 15th-18th Centuries', 'History of the Twentieth Century', ' Health Psychology', ' Intercultural Communication', 'Geography of population and inequality (group 320)', ' History of Psychology, Science and Profession (group 140)']",78,6,not,No awardee details
Lancaster University,https://iisma.kemdikbud.go.id/info/39-lancaster-university/,"Academic: GPA of 3 or above on their studies to dateEnglish Language: IELTS: 6.5 with at least 6.0 in writing and 5.5 in the other elements TOEFL iBT: 87 with 17 in listening, 18 in reading, 17 in speaking and 20 in writing Duolingo English Test: not acceptedNever had TB/TBC infection ","['Global Families and Intimacy', 'Women Film Makers', 'Project Management Tools & Techniques', 'Transformations: From Mass Media to Social Media', 'Entrepreneurship: Discovery and Practice', 'Hollywood and beyond: Global cinema', 'Understanding culture', 'Selling for Entrepreneurs', 'Gender Studies: Identities, Inequalities and Politics', 'Management and Organisation in Context', 'The Sociological Imagination', 'Geographies of Health: understanding and tackling inequity']",87,6.5,not,ApplicantsApplicants : 68 studentsGPA : 3.10-4.00TOEFL iBT Score : 90-102 IELTS Score : 6.0-8.5Duolingo English Test Score : 100-140AwardeesAwardees : 10 students GPA : 3.65-3.92TOEFL iBT Score :  IELTS Score : 7.5-8.5Duolingo English Test Score : 140 
University of Leicester,https://iisma.kemdikbud.go.id/info/61-university-of-leicester/,"Academic: GPA of 3 or above on their studies to dateEnglish Language: IELTS: 6.5 no band score less than 5.5 TOEFL iBT: 90 with reading minimum 18, writing minimum 17, listening minimum 17, and speaking minimum 20 Duolingo English Test: 110 with no component less than 90Never had TB/TBC infection ","['Principles of Marketing', 'Managing Human Resources ', 'Organisational Behaviour', 'The Production of News', 'Exploring our Digital Planet ', 'Practical Aims and Methods in Archaeology ', 'Politics, Power and Ethics', 'Key Concepts in International Relations ', 'Digital Media and Everyday Life ', 'Power, Privilege and Diversity ', 'Live Sociology', 'Doing Social Research', 'Introduction to Sensation, Perception and Cognition ', 'Creative Computing', 'Thinking Through Things', 'Human Geography for a Globalized World']",90,6.5,110,No awardee details
University of Galway,https://iisma.kemdikbud.go.id/info/65-university-of-galway/,Academic: GPA of 3 or above on their studies to dateEnglish Language: IELTS: 6.5 TOEFL iBT: 88Duolingo English Test: 110 ,"['Castles, Colonists and Crannogs 1100-1350 ', 'Prehistoric Ireland & Europe', 'An Introduction to Twentieth Century Irish Writing  ', 'Developmental Psychology 1', 'Principles of Biomaterials', 'Molecular and Cellular Biology', 'Health Psychology', 'Information Systems Technology ', 'Ireland in the 1950s', 'Health Economics', 'Nineteenth Century British Literature', 'People, Ritual and Death: Life in Early Prehistoric Europe', 'Popular Music, Cultural Identities and Ireland', 'Marketing Principles', 'Early & Medieval History of the Celts', 'Statistics for Data Science 1', 'Space, Place and the Irish Landscape', 'Introduction to Positive Psychology', 'Life in Urban Galway from the Act of Union to the Anglo-Irish Treaty', 'Irish Legal Systems']",88Duolingo,6.5,110,"ApplicantsApplicants : 208 students GPA : 3.00-4.00TOEFL iBT Score : 96-107 IELTS Score : 6.5-8Duolingo English Test Score : 90-150<b>Awardees</b>Awardees : 15 studentsGPA : 3.20-3.98TOEFL iBT Score :  IELTS Score : 7.5DET Score : <span style=""color: var(--color); font-size: inherit; background-color: var(--palettecolor8); font-family: var(--fontFamily); font-style: var(--fontStyle, inherit); letter-spacing: var(--letterSpacing); text-transform: var(--textTransform); text-decoration: var(--textDecoration);"">135-140</span>"
University of Birmingham,https://iisma.kemdikbud.go.id/info/28-university-of-birmingham/,"Academic: GPA of 2,5 or above on their studies to dateEnglish Language: IELTS: 6.5 (no band score less than 6) TOEFL iBT: 88 (minimum 21 for reading, 21 for writing, 20 for listening, 22 for speaking) Duolingo English Test: not acceptedNever had TB/TBC infection ","['Consumer Behaviour', 'Fundamentals of Language: Sounds and Words', 'The Making of the Modern World c. 1500-1800', 'Topics in British Politics', 'Energy Systems and Policy  ', 'Business Law', 'Historical Concepts in the History of Art', 'Media, Politics and Public Opinion', 'Project Management (Business Strategy Delivery)', 'Geological Natural Hazards ']",88,6.5,not,"<b>Applicants</b>Applicants : 109 students GPA : 3.14-4.00TOEFL iBT Score : 107 IELTS Score : 6-8.5Duolingo English Test Score : 100-155<b>Awardees</b>Awardees : 15 students GPA : 3.23-3.96TOEFL iBT Score : IELTS Score : 8-8.5Duolingo English Test Score : <span style=""color: var(--color); font-size: inherit; background-color: var(--palettecolor8); font-family: var(--fontFamily); font-style: var(--fontStyle, inherit); letter-spacing: var(--letterSpacing); text-transform: var(--textTransform); text-decoration: var(--textDecoration);"">135-155</span>"
Newcastle University,https://iisma.kemdikbud.go.id/info/36-newcastle-university/,Academic: GPA of 3 or above on their studies to dateEnglish Language: IELTS: 6.5  TOEFL iBT: 90 Duolingo English Test: 120Never had TB/TBC infection ,"['Cell Biology and Disease ', 'The Nature of Language', 'Properties & Behaviour of Engineering Materials', 'Ecology and Conservation', 'Problem Solving with Python', 'Introductory Astrophysics', 'Cell and Molecular Biology of the Immune System', 'About Architecture: Cities, Cultures and Space', 'Slavery', 'Sustainable Solutions', 'Introduction to British Culture', 'Big History: From the Big Bang to Climate Change', 'Interconnected World: Foundations of Human and Development Geographies', 'Global Business Environment', 'International Institutions: Who Governs the Globe?', 'Introduction To Literary Studies', 'Comparing Cultures', 'Race, Culture and Identity', 'Human Resource Management', 'Order and Disorder: The Shaping the 21st Century']",90,6.5 ,120Never,ApplicantsApplicants : 334 students GPA : 3.00-4.00TOEFL iBT Score : 90-112 IELTS Score : 6-8.5Duolingo English Test Score : 0-155AwardeesAwardees : 10 studentsGPA : 3.50-3.94TOEFL iBT Score :  IELTS Score : 8.5Duolingo English Test Score : 145-150 
University of Edinburgh,https://iisma.kemdikbud.go.id/info/07-university-of-edinburgh/,Academic: GPA or 3 or above on their studies to dateEnglish Language: IELTS: 6.5 with 5.5 or above in each component TOEFL iBT: 92 or above with a minimum of 20 in each section Duolingo English Test: not acceptedNever had TB/TBC infection  ,"['Scottish Studies 1A: Conceptualising Scotland', 'Celtic Civilisation 1A ', 'Introduction to Gaelic Language and Culture ', 'Popular Religion, Women and Witchcraft in Early Modern Europe ', 'Contemporary Issues in Health and Wellbeing ', 'Mental Health: Life Sciences and Nursing Care 2 ', 'Mapping Health and Illness Across Societies ', 'Currents: Understanding and addressing global challenges ', 'Creating Edinburgh: The Interdisciplinary City ', 'Biology 1A: Variation ', 'Sustainable Development 1a: Introducing Sustainable Development ', 'International Business: Globalisation and Trade 2A ', 'Environmental Engineering and Sustainability 2 ', 'Global Change ', 'Programming Skills for Engineers 2 ', 'Algebra and Calculus ', 'Discovering Astronomy ', 'Programming and Data Analysis ', 'Development, Inequality and Trade ']",92,6.5,not,ApplicantsApplicants : 89 students GPA : 2.82-4.00TOEFL iBT Score : 100-115IELTS Score : 6.5-8.5Duolingo English Test Score : 0-150AwardeesAwardees : 20 studentsGPA : 3.41-3.97TOEFL iBT Score : 115IELTS Score : 7.5-8.5Duolingo English Test Score : 145
University College Dublin,https://iisma.kemdikbud.go.id/info/48-university-college-dublin/,"Academic: GPA of 3 or above on their studies to dateEnglish Language: IELTS: 6.5 (no band score less than 6) TOEFL iBT: 90 (minimum 19 for reading, 21 for writing, 19 for listening, 19 for speaking) Duolingo English Test: 120 (no component less than 110) ","['Dublin: Its Museums and Collections', 'Perspectives on Irish Art', ""Discovering Ireland's Landscape "", 'Intro to Celtic Civilization', 'Vikings in the Celtic World', 'Kings and Heroes of Early Irl', 'UCD Gamelan Ensemble 1', 'Contemporary Ireland On Stage', 'Contemporary Irish Writing', 'Introduction to Film and Media', ""Discovering Ireland's Geology"", 'Irish for Beginners', 'Introduction to Folklore ', 'Music in Ireland', 'Digital Media & Everyday Experiences']",90,6.5,120,No awardee details
University College Cork &#8211; National University of Ireland,https://iisma.kemdikbud.go.id/info/33-university-college-cork/,Academic: GPA of 3 or above on their studies to dateEnglish Language: IELTS: 6 TOEFL iBT: 90 Duolingo English Test: 120 ,"['Digital Humanities: Theories and Concepts I', 'Digital Humanities: Tools and Methods I', 'Data and Digital Literacy', 'Introduction to Screen Media and Cinema', 'Analytical Thinking Skills in Political Science', 'Introduction to Sociology', 'Tales of Kings and Heroes in Medieval Ireland', 'Model European Union', 'The History of Art – History and Method', 'Modern Ireland: Culture, Politics and Society', 'Irish Film History', 'International Relations', 'Psychology and Everyday Life', 'Reasoning and Argument', 'Social Policy Analysis', 'Micro-Finance and Development', 'Cognitive Psychology: New Perspectives']",90,6,120,No awardee details
University of Glasgow,https://iisma.kemdikbud.go.id/info/22-university-of-glasgow/,Academic: GPA of 3 or above on their studies to dateEnglish Language: IELTS: 6  TOEFL iBT: 80  Duolingo English Test: not acceptedNever had TB/TBC infection ,"['Exploring the Cosmos', 'Earth Science 1A', 'Science Fundamentals', 'Geography-living in a Changing World', 'Digital Media and Information Studies 1A', 'Advanced Introduction to Individual Differences and Developmental Psychology', 'Computing Science - ICT Introduction to Computational Thinking', 'Archaeology 2A: 20 Things that Changed the World', 'Comparative Literature 2A - Frontiers (Crossing Borders)', 'Introduction to Scottish Culture', 'Scottish Literature1A - The Fantastic and the Real', 'Youth, Policy and Welfare: Cross-Cultural Perspectives', 'German Language for International Mobility 1', 'Introduction to Biological and Cognitive Psychology', 'Philosophy 1A: How should I think?', 'Spanish Language for International Mobility', 'Introduction to Creative Industries', ""What's the Point of Education? Constructing an Educational Mindset"", 'English Language & Linguistics 1A: Language, Meaning, and Power', 'Principles of Management']",80 ,6 ,not,No awardee details
University of Liverpool,https://iisma.kemdikbud.go.id/info/50-university-of-liverpool/,No requirement ,"['Designing Systems for the Digital Society', 'Living with Environmental Change', 'Introduction to Programming', 'Introduction to Language Study', 'Population and Societies', 'Critical, Analytical and Creative Thinking', 'Foundation of Law and Justice', 'Evolution', 'Cities and Regions', 'Global Economic and Business Environment', 'Creative Principles in Game Design', 'Global History of the Present', 'Music in Context: Why Music Matters', 'Film Cultures', 'Politics of International Human Rights', 'Business Ethics', 'Urban Sociology', 'Introduction to Communications and Media Studies A', 'Ethics: Moral Constraints and the Good Human Life', 'Power, Belief and Identity: Medieval and Early Modern Worlds, C. 500-1600 CE']",No TOEFL iBT requirement,No IELTS requirement,No DET requirement,No awardee details
University of Leeds,https://iisma.kemdikbud.go.id/info/26-university-of-leeds/,Academic: GPA of 3 or above on their studies to dateEnglish Language: IELTS: 6.5 TOEFL iBT: 88 Duolingo English Test: 110Never had TB/TBC infection ,"['Challenges in Transport and Mobility ', 'Principles of International Business', 'Introduction to Management', 'Starting Your Own Business', 'Science & Society: An Ethical View ', 'Introduction to Psychology ', 'Psychology in the Media ', 'History of Psychology', 'Diverse Contexts of Learning ', 'Natural Hazards', 'Arts and Cultural Management', 'Understanding Digital Media', 'Cultural History', 'International Politics', 'Beginners Korean', 'Beginners Japanese']",88,6.5,110Never,No awardee details
University of Sussex,https://iisma.kemdikbud.go.id/info/58-university-of-sussex/,"Academic: GPA of 3 or above on their studies to dateEnglish Language: IELTS: 6 (with no band score less than 5.5) TOEFL iBT: 80 (18 reading, 17 writing, 17 listening, 20 speaking) Duolingo English Test: 105 (with no component less than 90)Never had TB/TBC infection ","['Social Change, Culture and Development', 'Research Skills for Development', 'Digital Environment', 'Global Cultures, Local Lives', 'Human Factors & Ergonomics', 'Critical Approaches 1', 'Global Issues', 'News, Politics and Power A', 'Introduction to Human Rights', 'Historical Controversy', 'Morality, Groups and Emotion', 'News, Politics and Power B', 'Understanding Global Migration', 'Modern Political Thought', 'Education for Development: Aid, Policy and the Global Agenda', 'Global Climate Change', 'Reason and Argument', 'Comparative Public Policy', 'Colonialism and After', 'Sussex Perspectives on International Development']",80,6,105,No awardee details
University of Warwick,https://iisma.kemdikbud.go.id/info/16-university-of-warwick/,"Academic: GPA of 3 or above on their studies to date English Language: IELTS: 6 (no band score less than 5.5) TOEFL iBT: 87 (minimum 22 for reading, 21 for listening, 21 for writing, 23 for speaking) Duolingo English Test: not acceptedNever had TB/TBC infection ","['Entrepreneurship: A Critical Perspective', 'Navigating Psychopathology', 'Multilingualism and Sustainable Development', 'Global Connections: A Transdisciplinary Approach', 'Local/Global Shakespearience', 'Censorship and Society', 'Inequalities and Sustainable Development: Inclusion and Dignity for All', 'Posthumous Geographies I: Underworlds', 'Achieving Sustainability: Potentials and Barriers', 'Challenges of Climate Change', 'The Energy Trilemma', 'Health and Sustainable Development', 'Security, Sovereignty and Sustainability in the Global Food System', 'Understanding Wellbeing: Theory and Practice', 'Sustainable Cities', 'Public Engagement']",87,6,not,No awardee details
University of York,https://iisma.kemdikbud.go.id/info/43-university-of-york/,Academic: GPA of 3 or above on their studies to dateEnglish Language: IELTS: 6.5 with no less than 6.0 in each component TOEFL iBT: 87 with a minimum of 21 in each component Duolingo English Test: 110 with a minimum of 100 in all other componentNever had TB/TBC infection ,"['Intercultural Competence, Employability and Academic Skills Module', 'Introduction to Media Technologies', 'Story', 'Approaches to Literature I: Writing Modernity', 'Introduction to Business Ethics & Sustainability', 'Political Analysis', 'Marketing Essentials', 'Introduction to Comparative Politics: Citizens, Parties, Elections ', 'Global Challenges: From Theory to Practice ', 'Knowledge & Perception', 'Prehistory to the Present ', 'A World of Literature I: Classics & Cultural Translations']",87,6.5,110,No awardee details
University College London,https://iisma.kemdikbud.go.id/info/02-university-college-london/,Academic: GPA of 3.3 or above on their studies to dateEnglish Language: IELTS: 7.0 (no band score below 6.5) TOEFL iBT: 96 (reading and writing minimum 24; listening and speaking minimum 22) Duolingo English Test: not acceptedNever had TB/TBC infection  ,"['Approaches to Knowledge: Introduction to Interdisciplinarity ', 'Information Through the Ages ', 'Computers and Humans ', 'Migration and Health', 'Race, Gender and Feminism', 'Art and Interdisciplinarity 2', 'The Art and Science of Public Health', 'Psychology in the Real World', 'Introduction into Politics: Key Concepts and Texts', 'Approaches to Global Po', 'Urban Inequalities and Global Development ', 'Art and Interdisciplinarity: Measuring the World', 'Interactions of Music and Science ', 'Sustainable Energy ', 'Logic, Computation and Language Theory ', 'Quantitative Methods 2: Data Science and Visualisation', 'Quantitative Methods 3: Models and Inference', 'Creative Writing', 'Qualitative Thinking: Research Methods in Cultural Analysis', 'Science Meets Religion in the Global Community']",96,7.0,not,No awardee details
Queen Mary University of London,https://iisma.kemdikbud.go.id/info/34-queen-mary-university-of-london/,No requirement ,"['London on Film: Representing the City in British and American Cinema', 'Historical Geographies of Medicine: From Imperial Hygiene to Global Health', 'Unravelling Britain: British History since 1801', 'London: Walking the City', 'British Horror: Film, Television and Literature', 'Consumer Psychology', 'Witches, Demons and Magic in Late Medieval and Early Modern Europe', 'The Buildings of London I: From the Ashes of Fire to the Capital of Empire', 'Fundamentals of Management', 'British Politics']",No TOEFL iBT requirement,No IELTS requirement,No DET requirement,<b>Applicants</b>Applicants : 26 students GPA : 3.04-4.00TOEFL iBT Score : 103-110IELTS Score : 6-8Duolingo English Test Score : 100<b>Awardees</b>Awardees : 4 students GPA : 3.67-3.82TOEFL iBT Score :  IELTS Score : 8Duolingo English Test Score : 
